mode,request_id,latency,status
Cloud,0,265,Success
Cloud,1,273,Success
Cloud,2,285,Success
Cloud,3,294,Success
Cloud,4,304,Success
Cloud,5,314,Success
Cloud,6,325,Success
Cloud,7,336,Success
Cloud,8,346,Success
Cloud,9,357,Success
Cloud,10,368,Success
Cloud,11,378,Success
Cloud,12,388,Success
Cloud,13,400,Success
Cloud,14,411,Success
Cloud,15,422,Success
Cloud,16,433,Success
Cloud,17,444,Success
Cloud,18,455,Success
Cloud,19,466,Success
Cloud,20,476,Success
Cloud,21,486,Success
Cloud,22,497,Success
Cloud,23,508,Success
Cloud,24,518,Success
Cloud,25,529,Success
Cloud,26,540,Success
Cloud,27,551,Success
Cloud,28,561,Success
Cloud,29,570,Success
Cloud,30,581,Success
Cloud,31,592,Success
Cloud,32,603,Success
Cloud,33,615,Success
Cloud,34,627,Success
Cloud,35,638,Success
Cloud,36,647,Success
Cloud,37,659,Success
Cloud,38,669,Success
Cloud,39,681,Success
Cloud,40,692,Success
Cloud,41,703,Success
Cloud,42,714,Success
Cloud,43,725,Success
Cloud,44,736,Success
Cloud,45,747,Success
Cloud,46,757,Success
Cloud,47,768,Success
Cloud,48,778,Success
Cloud,49,789,Success
Cloud,50,800,Success
Cloud,51,811,Success
Cloud,52,821,Success
Cloud,53,832,Success
Cloud,54,842,Success
Cloud,55,853,Success
Cloud,56,863,Success
Cloud,57,874,Success
Cloud,58,885,Success
Cloud,59,896,Success
Cloud,60,907,Success
Cloud,61,916,Success
Cloud,62,927,Success
Cloud,63,938,Success
Cloud,64,949,Success
Cloud,65,959,Success
Cloud,66,970,Success
Cloud,67,981,Success
Cloud,68,992,Success
Cloud,69,1001,Success
Cloud,70,1012,Success
Cloud,71,1023,Success
Cloud,72,1033,Success
Cloud,73,1044,Success
Cloud,74,1055,Success
Cloud,75,1068,Success
Cloud,76,1079,Success
Cloud,77,1089,Success
Cloud,78,1099,Success
Cloud,79,1110,Success
Cloud,80,1121,Success
Cloud,81,1132,Success
Cloud,82,1142,Success
Cloud,83,1153,Success
Cloud,84,1164,Success
Cloud,85,1174,Success
Cloud,86,1184,Success
Cloud,87,1195,Success
Cloud,88,1206,Success
Cloud,89,1216,Success
Cloud,90,1227,Success
Cloud,91,1238,Success
Cloud,92,1250,Success
Cloud,93,1260,Success
Cloud,94,1270,Success
Cloud,95,1281,Success
Cloud,96,1292,Success
Cloud,97,1302,Success
Cloud,98,1314,Success
Cloud,99,1324,Success
Cloud,100,1335,Success
Cloud,101,1345,Success
Cloud,102,1356,Success
Cloud,103,1366,Success
Cloud,104,1377,Success
Cloud,105,1388,Success
Cloud,106,1399,Success
Cloud,107,1410,Success
Cloud,108,1421,Success
Cloud,109,1432,Success
Cloud,110,1442,Success
Cloud,111,1453,Success
Cloud,112,1464,Success
Cloud,113,1473,Success
Cloud,114,1484,Success
Cloud,115,1495,Success
Cloud,116,1506,Success
Cloud,117,1517,Success
Cloud,118,1528,Success
Cloud,119,1538,Success
Cloud,120,1549,Success
Cloud,121,1560,Success
Cloud,122,1569,Success
Cloud,123,1580,Success
Cloud,124,1591,Success
Cloud,125,1601,Success
Cloud,126,1612,Success
Cloud,127,1623,Success
Cloud,128,1634,Success
Cloud,129,1643,Success
Cloud,130,1654,Success
Cloud,131,1665,Success
Cloud,132,1676,Success
Cloud,133,1687,Success
Cloud,134,1697,Success
Cloud,135,1708,Success
Cloud,136,1719,Success
Cloud,137,1729,Success
Cloud,138,1741,Success
Cloud,139,1752,Success
Cloud,140,1763,Success
Cloud,141,1774,Success
Cloud,142,1785,Success
Cloud,144,1796,Success
Cloud,143,1807,Success
Cloud,145,1817,Success
Cloud,146,1828,Success
Cloud,147,1839,Success
Cloud,148,1849,Success
Cloud,149,1860,Success
Cloud,150,1871,Success
Cloud,151,1881,Success
Cloud,152,1892,Success
Cloud,153,1903,Success
Cloud,154,1914,Success
Cloud,155,1925,Success
Cloud,156,1935,Success
Cloud,157,1947,Success
Cloud,158,1956,Success
Cloud,159,1967,Success
Cloud,160,1978,Success
Cloud,161,1988,Success
Cloud,162,1999,Success
Cloud,163,2010,Success
Cloud,165,2019,Success
Cloud,164,2030,Success
Cloud,166,2041,Success
Cloud,167,2052,Success
Cloud,168,2063,Success
Cloud,169,2075,Success
Cloud,170,2086,Success
Cloud,171,2096,Success
Cloud,172,2107,Success
Cloud,173,2117,Success
Cloud,174,2128,Success
Cloud,175,2139,Success
Cloud,176,2150,Success
Cloud,177,2160,Success
Cloud,178,2171,Success
Cloud,179,2182,Success
Cloud,180,2193,Success
Cloud,182,2202,Success
Cloud,181,2213,Success
Cloud,183,2224,Success
Cloud,184,2235,Success
Cloud,185,2246,Success
Cloud,186,2256,Success
Cloud,187,2267,Success
Cloud,188,2278,Success
Cloud,189,2289,Success
Cloud,190,2299,Success
Cloud,191,2310,Success
Cloud,192,2320,Success
Cloud,193,2331,Success
Cloud,194,2341,Success
Cloud,195,2352,Success
Cloud,196,2363,Success
Cloud,197,2374,Success
Cloud,198,2385,Success
Cloud,199,2395,Success
Fog,4,118,Success
Fog,2,120,Success
Fog,9,129,Success
Fog,7,130,Success
Fog,3,132,Success
Fog,14,141,Success
Fog,12,143,Success
Fog,19,151,Success
Fog,1,191,Success
Fog,0,192,Success
Fog,6,202,Success
Fog,8,204,Success
Fog,17,214,Success
Fog,11,215,Success
Fog,5,217,Success
Fog,13,216,Success
Fog,22,230,Success
Fog,24,232,Success
Fog,29,242,Success
Fog,27,243,Success
Fog,16,296,Success
Fog,10,300,Success
Fog,18,298,Success
Fog,21,308,Success
Fog,23,311,Success
Fog,34,317,Success
Fog,26,318,Success
Fog,28,321,Success
Fog,15,323,Success
Fog,32,325,Success
Fog,39,330,Success
Fog,44,340,Success
Fog,37,346,Success
Fog,33,394,Success
Fog,31,396,Success
Fog,38,404,Success
Fog,36,406,Success
Fog,20,408,Success
Fog,43,415,Success
Fog,49,416,Success
Fog,42,424,Success
Fog,48,425,Success
Fog,54,436,Success
Fog,47,443,Success
Fog,41,479,Success
Fog,25,490,Success
Fog,46,493,Success
Fog,53,499,Success
Fog,51,503,Success
Fog,59,507,Success
Fog,30,511,Success
Fog,58,511,Success
Fog,52,517,Success
Fog,64,520,Success
Fog,63,524,Success
Fog,69,530,Success
Fog,57,538,Success
Fog,74,541,Success
Fog,56,580,Success
Fog,35,592,Success
Fog,61,592,Success
Fog,68,599,Success
Fog,66,603,Success
Fog,40,610,Success
Fog,73,611,Success
Fog,62,613,Success
Fog,79,617,Success
Fog,78,624,Success
Fog,67,634,Success
Fog,84,635,Success
Fog,71,676,Success
Fog,45,690,Success
Fog,76,692,Success
Fog,83,698,Success
Fog,81,702,Success
Fog,50,710,Success
Fog,72,708,Success
Fog,88,709,Success
Fog,89,716,Success
Fog,77,719,Success
Fog,93,719,Success
Fog,82,730,Success
Fog,94,738,Success
Fog,87,741,Success
Fog,86,787,Success
Fog,55,792,Success
Fog,98,794,Success
Fog,103,805,Success
Fog,91,808,Success
Fog,60,813,Success
Fog,92,810,Success
Fog,99,813,Success
Fog,108,818,Success
Fog,97,821,Success
Fog,102,831,Success
Fog,104,835,Success
Fog,107,842,Success
Fog,65,891,Success
Fog,113,889,Success
Fog,96,891,Success
Fog,118,900,Success
Fog,101,901,Success
Fog,70,911,Success
Fog,123,909,Success
Fog,112,914,Success
Fog,109,916,Success
Fog,117,925,Success
Fog,122,935,Success
Fog,114,937,Success
Fog,106,982,Success
Fog,128,981,Success
Fog,75,999,Success
Fog,133,989,Success
Fog,111,1003,Success
Fog,138,998,Success
Fog,127,1004,Success
Fog,119,1014,Success
Fog,143,1008,Success
Fog,132,1013,Success
Fog,137,1021,Success
Fog,124,1033,Success
Fog,142,1031,Success
Fog,80,1082,Success
Fog,116,1086,Success
Fog,148,1082,Success
Fog,85,1100,Success
Fog,153,1092,Success
Fog,121,1106,Success
Fog,129,1105,Success
Fog,90,1114,Success
Fog,158,1103,Success
Fog,147,1106,Success
Fog,152,1116,Success
Fog,134,1123,Success
Fog,157,1127,Success
Fog,163,1175,Success
Fog,95,1190,Success
Fog,126,1191,Success
Fog,168,1186,Success
Fog,100,1201,Success
Fog,139,1198,Success
Fog,162,1198,Success
Fog,173,1197,Success
Fog,167,1210,Success
Fog,144,1219,Success
Fog,172,1220,Success
Fog,131,1274,Success
Fog,105,1281,Success
Fog,178,1268,Success
Fog,110,1292,Success
Fog,183,1281,Success
Fog,136,1292,Success
Fog,177,1291,Success
Fog,115,1304,Success
Fog,188,1291,Success
Fog,149,1300,Success
Fog,182,1302,Success
Fog,193,1302,Success
Fog,187,1312,Success
Fog,154,1317,Success
Fog,192,1323,Success
Fog,159,1328,Success
Fog,141,1371,Success
Fog,120,1384,Success
Fog,198,1374,Success
Fog,146,1391,Success
Fog,125,1405,Success
Fog,164,1398,Success
Fog,197,1394,Success
Fog,169,1409,Success
Fog,174,1419,Success
Fog,151,1468,Success
Fog,130,1478,Success
Fog,156,1479,Success
Fog,161,1489,Success
Fog,179,1490,Success
Fog,140,1495,Success
Fog,135,1511,Success
Fog,184,1508,Success
Fog,189,1518,Success
Fog,166,1563,Success
Fog,171,1580,Success
Fog,145,1583,Success
Fog,176,1590,Success
Fog,150,1595,Success
Fog,194,1590,Success
Fog,199,1610,Success
Fog,181,1665,Success
Fog,155,1668,Success
Fog,160,1682,Success
Fog,186,1679,Success
Fog,165,1692,Success
Fog,191,1690,Success
Fog,170,1703,Success
Fog,196,1768,Success
Fog,175,1777,Success
Fog,180,1787,Success
Fog,185,1798,Success
Fog,190,1875,Success
Fog,195,1886,Success
